
-- roles
-- 

INSERT INTO SEC_ROLE (ID, NAME) VALUES (1, 'public');
INSERT INTO SEC_ROLE (ID, NAME) VALUES (2, 'admin');
INSERT INTO SEC_ROLE (ID, NAME) VALUES (3, 'concept set editor');
INSERT INTO SEC_ROLE (ID, NAME) VALUES (4, 'concept set reader');
INSERT INTO SEC_ROLE (ID, NAME) VALUES (5, 'cohort editor');
INSERT INTO SEC_ROLE (ID, NAME) VALUES (6, 'cohort reader');

-- permissions 
--

-- public
INSERT INTO SEC_PERMISSION (ID, VALUE, DESCRIPTION) VALUES (11, 'user:permitted:post', 'Check if user has permission');

INSERT INTO SEC_ROLE_PERMISSION (ROLE_ID, PERMISSION_ID) VALUES (1, 11);

-- admin
INSERT INTO SEC_PERMISSION (ID, VALUE, DESCRIPTION) VALUES (21, 'user:roles:get', 'Get list of roles');
INSERT INTO SEC_PERMISSION (ID, VALUE, DESCRIPTION) VALUES (22, 'user:roles:add:put', 'Add user to role');
INSERT INTO SEC_PERMISSION (ID, VALUE, DESCRIPTION) VALUES (23, 'user:roles:remove:delete', 'Delete user from role');
INSERT INTO SEC_PERMISSION (ID, VALUE, DESCRIPTION) VALUES (24, 'configuration:read,edit:ui', null);

INSERT INTO SEC_ROLE_PERMISSION (ROLE_ID, PERMISSION_ID) VALUES (2, 21);
INSERT INTO SEC_ROLE_PERMISSION (ROLE_ID, PERMISSION_ID) VALUES (2, 22);
INSERT INTO SEC_ROLE_PERMISSION (ROLE_ID, PERMISSION_ID) VALUES (2, 23);
INSERT INTO SEC_ROLE_PERMISSION (ROLE_ID, PERMISSION_ID) VALUES (2, 24);

-- concept set editor
INSERT INTO SEC_PERMISSION (ID, VALUE, DESCRIPTION) VALUES (31, 'conceptset:*:*:exists:get', 'Check if Concept Set exitsts');
INSERT INTO SEC_PERMISSION (ID, VALUE, DESCRIPTION) VALUES (32, 'conceptset:post', 'Create Concept Set');
INSERT INTO SEC_PERMISSION (ID, VALUE, DESCRIPTION) VALUES (33, 'conceptset:*:items:post', 'Save Concept Set items');
INSERT INTO SEC_PERMISSION (ID, VALUE, DESCRIPTION) VALUES (34, 'conceptset:edit:ui', null);

INSERT INTO SEC_ROLE_PERMISSION (ROLE_ID, PERMISSION_ID) VALUES (3, 31);
INSERT INTO SEC_ROLE_PERMISSION (ROLE_ID, PERMISSION_ID) VALUES (3, 32);
INSERT INTO SEC_ROLE_PERMISSION (ROLE_ID, PERMISSION_ID) VALUES (3, 33);
INSERT INTO SEC_ROLE_PERMISSION (ROLE_ID, PERMISSION_ID) VALUES (3, 34);

-- concept set reader
INSERT INTO SEC_PERMISSION (ID, VALUE, DESCRIPTION) VALUES (41, 'conceptset:get', 'Get list of Concept Sets');
INSERT INTO SEC_PERMISSION (ID, VALUE, DESCRIPTION) VALUES (42, 'conceptset:read:ui', null);

INSERT INTO SEC_ROLE_PERMISSION (ROLE_ID, PERMISSION_ID) VALUES (4, 41);
INSERT INTO SEC_ROLE_PERMISSION (ROLE_ID, PERMISSION_ID) VALUES (4, 42);

-- cohort editor
INSERT INTO SEC_PERMISSION (ID, VALUE, DESCRIPTION) VALUES (51, 'cohortdefinition:put', 'Save new Cohort');
INSERT INTO SEC_PERMISSION (ID, VALUE, DESCRIPTION) VALUES (52, 'cohortdefinition:*:put', 'Save changes in Cohort');
INSERT INTO SEC_PERMISSION (ID, VALUE, DESCRIPTION) VALUES (53, 'job:execution:get', 'Get list of jobs');
INSERT INTO SEC_PERMISSION (ID, VALUE, DESCRIPTION) VALUES (54, 'cohort:edit:ui', null);

INSERT INTO SEC_ROLE_PERMISSION (ROLE_ID, PERMISSION_ID) VALUES (5, 51);
INSERT INTO SEC_ROLE_PERMISSION (ROLE_ID, PERMISSION_ID) VALUES (5, 52);
INSERT INTO SEC_ROLE_PERMISSION (ROLE_ID, PERMISSION_ID) VALUES (5, 53);
INSERT INTO SEC_ROLE_PERMISSION (ROLE_ID, PERMISSION_ID) VALUES (5, 54);

-- cohort reader
INSERT INTO SEC_PERMISSION (ID, VALUE, DESCRIPTION) VALUES (61, 'cohortdefinition:get', 'Get list of Cohorts');
INSERT INTO SEC_PERMISSION (ID, VALUE, DESCRIPTION) VALUES (62, 'cohort:read:ui', null);

INSERT INTO SEC_ROLE_PERMISSION (ROLE_ID, PERMISSION_ID) VALUES (6, 61);
INSERT INTO SEC_ROLE_PERMISSION (ROLE_ID, PERMISSION_ID) VALUES (6, 62);
